"Namespace","Key","SourceString","LocalizedString"
"Masteries/st_masteries","core_mastery","Core","Суть"
"Masteries/st_mastery_core_actives","SWA_Mod_Hamstring_0Name","Hamstring","Подрезание сухожилий"
"Settings/st_settings_controls","KeepTargetForRepeatedCasts_Name","Keep Target for Repeated Casts","Сохранять цель для повторного применения умений"
"Settings/st_settings_controls","UseFreeAimForStationaryCasts_Name","Use Free Aim for Stationary Casts","Свободное нацеливание для статичного применения умений"
"st_chapters","1_Ichtians","Flooded Farmlands","Затопленные угодья"
"Masteries/st_masteries","mastery_nomastery","Unblessed","Неодаренный"
"st_attributes","list_attribute_rider_basic","Overview","Основное"
"st_attributes","list_attribute_rider_advanced","Advanced","Продвинутое"
"Items/st_item","rarity_infrequent","Infrequent","Необычное"
"Items/st_item_names","item_name_format","{Prefix}|empty(no=\""{Prefix} \""){Adjective}|empty(no=\""{Adjective} \""){DamageType}|empty(no=\""{DamageType} \""){ProperName}|remove_gender(){Suffix}|empty(no=\"" {Suffix}\"")","{Prefix}|empty(no=""{Prefix} ""){ProperName}|remove_gender(){Adjective}|empty(no="" {Adjective}""){Suffix}|empty(no="" {Suffix}"")"
"Items/st_item_effectdesc_generic","suffix_1_PerWeaponCritChance.TooltipText","{Value}|fmt(sign=true)% Base Weapon Critical Hit Chance","{Value}|fmt(sign=true)% базового шанса критического удара оружием"
"Items/st_item_effectdesc_generic","suffix_1_PerWeaponAilmentChance","{Value}|fmt(sign=true)% Base Weapon Ailment Chance","{Value}|fmt(sign=true)% базового шанса хвори от оружия"
"Items/st_item_effectdesc_rare","prefix_0_x3_PerWeaponAilmentChance.TooltipText","Unique: {Value}|fmt(sign=true)% Base Weapon Ailment Chance","Уникальное: {Value}|fmt(sign=true)% базового шанса хвори от оружия"
"Masteries/st_mastery_warfare_actives","BattlefieldAwareness_0Name","Battlefield Awareness","Боевая бдительность"
"Items/st_item_common_armor","ar_startinggear_nameMain_torso","Tunic","Туника"
"Items/st_item_common_armor","ar_jewelry_default_nameMain_neck","Pendant","Ожерелье"
"Items/st_item_common_armor","ar_jewelry_default_nameAdjective_mgt","Iron","Из железа"
"Items/st_item_common_armor","ar_jewelry_default_nameAdjective_agi","Amber","С янтарем"
"Items/st_item_common_armor","ar_gambling_all_nameAdjective","Mystery","Загадочности"
"Items/st_item_common_weapons","blunt2h_normal_hammer_t4_nameAdjective","",""
"Items/st_item_common_weapons","axe2h_normal_bearded_t4_nameMain","Bull Clever","Убийца быков"
"Items/st_item_common_weapons","axe2h_normal_bearded_t1_nameAdjective","",""
"Items/st_item_common_weapons","axe2h_normal_bearded_t1_nameMain","Axe","Длинный топор"
"Items/st_item_common_weapons","axe1h_normal_winged_t2_nameAdjective","",""
"Items/st_item_common_weapons","axe1h_normal_winged_t3_nameAdjective","",""
"Items/st_item_common_weapons","axe1h_normal_winged_t3_nameMain","Axe","Церемониальный топор"
"Items/st_item_common_weapons","axe1h_normal_winged_t4_nameAdjective","",""
"Items/st_item_common_weapons","axe1h_normal_winged_t4_nameMain","Axe","Тесак"
"Items/st_item_common_weapons","axe1h_normal_bearded_t2_nameAdjective","",""
"Items/st_item_common_weapons","axe1h_normal_bearded_t2_nameMain","Hatchet","Остистый резак"
"Items/st_item_common_weapons","blunt2h_normal_star_t1_nameAdjective","",""
"Items/st_item_common_weapons","blunt2h_normal_star_t1_nameMain","Mace","Шипастая булава"
"Items/st_item_common_weapons","blunt2h_normal_star_t2_nameAdjective","",""
"Items/st_item_common_weapons","blunt2h_normal_star_t2_nameMain","Mace","Заостренная булава"
"Items/st_item_common_weapons","blunt2h_normal_star_t3_nameMain","Star Mace","Звездчатая булава"
"Items/st_item_common_weapons","blunt2h_normal_star_t4_nameAdjective","",""
"Items/st_item_common_weapons","blunt2h_normal_star_t4_nameMain","Mace","Ограненная булава"
"Items/st_item_common_weapons","blunt2h_ornate_mace_t3_nameAdjective","",""
"Items/st_item_common_weapons","blunt1h_normal_star_t2_nameAdjective","",""
"Items/st_item_common_weapons","blunt1h_normal_star_t2_nameMain","Club","Фланцевая дубина"
"Items/st_item_common_weapons","blunt1h_normal_star_t4_nameAdjective","",""
"Items/st_item_common_weapons","blunt1h_normal_star_t4_nameMain","Club","Зубчатая дубина"
"Items/st_item_common_weapons","blunt1h_normal_mace_t2_nameAdjective","",""
"Items/st_item_common_weapons","blunt1h_normal_mace_t2_nameMain","Club","Зубчатая дубинка"
"Items/st_item_common_weapons","dagger_normal_assassin_t1_nameAdjective","",""
"Items/st_item_common_weapons","dagger_normal_assassin_t1_nameMain","Dagger","Изогнутый кинжал"
"Items/st_item_common_weapons","bow_heavy_straight_t2_nameAdjective","",""
"Items/st_item_common_weapons","bow_heavy_straight_t4_nameAdjective","",""
"Items/st_item_common_weapons","bow_heavy_straight_t4_nameMain","Bow","Крепкий лук"
"Items/st_item_common_weapons","sword1h_normal_straight_t1_nameAdjective","",""
"Items/st_item_common_weapons","sword1h_normal_straight_t1_nameMain","Sword","Прямой меч"
"Items/st_item_common_weapons","bow_normal_straight_t3_nameAdjective","",""
"Items/st_item_common_weapons","bow_normal_short_t1_nameAdjective","",""
"Items/st_item_common_weapons","bow_normal_short_t1_nameMain","Bow","Короткий лук"
"Items/st_item_common_weapons","bow_normal_straight_t4_nameAdjective","",""
"Items/st_item_common_weapons","staff_magic_round_t1_nameAdjective","",""
"Items/st_item_common_weapons","staff_magic_round_t1_nameMain","Staff","Крылатый посох"
"Items/st_item_common_weapons","shield_light_cutout_t3_nameAdjective","",""
"Items/st_item_common_weapons","shield_light_cutout_t4_nameAdjective","",""
"Items/st_item_common_weapons","talisman_normal_chains_t1_nameMain","Chime","Колокольчик"
"Items/st_item_common_armor","ar_knight_nameAdjective_t3","Horselord","Со стременем"
"Items/st_item_common_armor","ar_fighter_nameAdjective_t1","Medium","С уплотнением"
"Items/st_item_common_armor","ar_fighter_nameAdjective_t3","Officer","Со знаком"
"Items/st_item_common_armor","ar_fighter_nameAdjective_t4","Gladiator","С гордостью"
"Items/st_item_common_armor","ar_bmage_nameAdjective_t3","Warden","С защитой"
"Items/st_item_common_armor","ar_bmage_nameAdjective_t2","Plated","С плакированием"
"Items/st_item_common_armor","ar_bmage_nameAdjective_t4","Armored","С прикрытием"
"Items/st_item_common_armor","ar_paladin_nameAdjective_t3","Enchanted","С чарами"
"Items/st_item_common_armor","ar_paladin_nameAdjective_t4","Guardian","С охраной"
"Items/st_item_common_armor","ar_rogue_nameAdjective_t3","Skirmish","С удалью"
"Items/st_item_common_armor","ar_sorcerer_nameAdjective_t1","Sophist","Со знанием"
"Items/st_item_common_armor","ar_sorcerer_nameAdjective_t4","Gilded","С позолотой"
"Items/st_item_common_armor","ar_fighter_nameMain_head","Helmet","Шлем"
"Items/st_item_common_armor","ar_bmage_nameMain_head","Cap","Колпак"
"Items/st_item_common_armor","ar_bmage_nameMain_torso","Chiton","Хитон"
"Items/st_item_common_armor","ar_rogue_nameMain_torso","Corslet","Корсет"
"Items/st_item_common_armor","ar_knight_nameMain_torso","Cuirass","Кираса"
"Items/st_item_common_armor","ar_rogue_nameMain_shoulder","Spaulders","Наплечники"
"Items/st_item_common_armor","ar_sorc_nameMain_head","Cowl","Клобук"
"Items/st_item_common_armor","ar_jewelry_ring_flavortext_mgt","Scuffed and scratched but strong as ever.","Потертое и поцарапанное, но крепкое как никогда."
"Items/st_item_common_armor","ar_jewelry_ring_flavortext_agi","Amber is imported from far-off northern lands.","Янтарь привозят из далеких северных земель."
"Items/st_item_common_armor","ar_jewelry_ring_flavortext_knl","Worth enough to pay for a burial.","Стоит достаточно для оплаты погребения."
"Items/st_item_common_armor","ar_jewelry_neck_flavortext_mgt","Cold and rough to the touch.","Холодное и шершавое на ощупь."
"Items/st_item_common_armor","ar_jewelry_neck_flavortext_agi","The amber has a comforting weight.","Янтарь обладает успокаивающей тяжестью."
"Items/st_item_common_armor","ar_jewelry_neck_flavortext_knl","Shines in the sun.","Сияет на солнце."
"Items/st_item_effectdesc_baseaffix","armor_paladin","Ornate Armor Adornment:  \r\n+{Value}% to Thermic and Natural Resistances","Красота узорчатой брони:\r\n+{Value}% термального и природного сопротивлений"
"Items/st_item_effectdesc_baseaffix","armor_knight","Heavy Armor Deflection:\r\n+{value}% Glancing Projectile Hit Chance","Отражение тяжелой брони:\r\n+{value}% шанса скользящих снарядов"
"Items/st_item_effectdesc_baseaffix","armor_bmage","Plated Robe Warding:\r\n+{Value} Energy Barrier","Оберег плакированной брони:\r\n+{Value} энергобарьера"
"Items/st_item","item_type_weapon_axe1h","1h Axe","Топор"
"Items/st_item","item_type_weapon_blunt1h","1h Club","Дубина"
"Items/st_item","item_type_weapon_axe2h","2h Axe","Секира"
"Items/st_item","item_type_weapon_axe2h_light","2h Light Axe","Легкая секира"
"Items/st_item","item_type_weapon_axe2h_magic","2h Crystal Axe","Кристальная секира"
"Items/st_item","item_type_weapon_blunt2h_ornate","2h Ornate Club","Узорчатая палица"
"Items/st_item","item_type_weapon_shield1h_heavy","Heavy Shield","Тяжелый щит"
"Items/st_item","item_type_weapon_throwing1h_heavy","Heavy Throwing Weapon","Тяжелое метательное"
"Character/st_character_creation","character_creation_preset","Select Preset","Пресет"
"Character/st_character_creation","character_creation_select_preset","Select Preset","Пресет"
"Character/st_character_creation","character_creation_no_preset_selected","You have no preset selected.","Нет выбраного пресета"
"Character/st_character_creation","character_creation_h2_presets","Presets","Пресеты"
"Character/st_character_customization","head_face","Face Presets","Пресеты лица"
"Character/st_character_creation","character_creation_save_preset","Copy Code","Получить код"
"st_application_menus","screen_exit","Exit","Выйти"
"Character/st_character_creation","character_creation_show_equipment","Toggle Equipment","Показать экипировку"
"Character/st_character_customization","body_basic","Basic","Основное"
"Character/st_character_customization","body_basic_muscle_amount","Muscle Amount","Мускулы"
"Character/st_character_customization","body_basic_weight","Body Fat","Жир"
"Character/st_character_customization","body_hair_amount","Hair Amount","Количество волос"
"Character/st_character_customization","body_skin_scar_type_05","Burnt","Горелые"
"Character/st_character_customization","body_skin_freckle_amount","Freckle Amount","Количество веснушек"
"Character/st_character_customization","body_skin_vitiligo_intensity","Vitiligo Intensity","Витилиго"
"Character/st_character_customization","body_skin_freckle_intensity","Freckle Intensity","Интенсивность веснушек"
"Character/st_character_customization","head_face_head_type","Head Type","Тип головы"
"Character/st_character_customization","head_hair_style_hair_style","Hair Style","Стиль прически"
"Character/st_character_customization","head_hair_detail_combined","Match Details","Тип деталей"
"Character/st_character_customization","head_hair_detail_root_intensity","Root Intensity","Интенсивность корней"
"Character/st_character_customization","head_hair_detail_tip_intensity","Tip Intensity","Интенсивность кончиков"
"Character/st_character_customization","head_hair_detail_strand_intensity","Strand Intensity","Интенсивность прядей"
"Character/st_character_customization","face_eye_r_iris_color_main","Iris Main Color","Вторичный цвет радужки"
"Character/st_character_customization","face_eye_l_iris_color_main","Iris Main Color","Основной цвет радужки"
"Character/st_character_customization","face_eye_r_iris_color_detail","Iris Detail Color","Размер зрачка"
"Character/st_character_customization","face_eye_l_iris_color_detail","Iris Detail Color","Вторичный цвет радужки"
"Character/st_character_customization","face_eye_r_sclera_color","Sclera Color","Цвет склеры"
"Character/st_character_customization","face_eye_l_sclera_color","Sclera Color","Цвет склеры"
"Character/st_character_customization","face_anatomy_nose_side_bend","Nose Bend","Изгиб носа"
"Character/st_character_customization","face_anatomy_nose_up_bend","Nose Direction","Направление носа"
"Character/st_character_customization","accessories_makeup_eyeliner_tint","Eyeliner Tint","Оттенок подводки глаз"
"Character/st_character_customization","accessories_makeup_eyeshadow_tint","Eyeshadow Tint","Оттенек теней век"
"Character/st_character_customization","accessories_makeup_eyeshadow_metallic","Eyeshadow Metallic","Металлические тени век"
"Character/st_character_customization","accessories_makeup_nail_tint","Nail Tint","Оттенок ногтей"
"Character/st_character_customization","accessories_paint_color","Body Paint Color","Цвет краски"
"Character/st_character_customization","accessories_paint_style","Body Paint Style","Стиль краски"
"Character/st_character_customization","accessories_paint_type","Body Paint Type","Тип краски"
"Character/st_character_creation","default_equipment_hoplite","Spear","Копье"
"Character/st_character_creation","default_equipment_heavy","Mace","Дубина"
"Character/st_character_creation","default_equipment_archer","Bow","Лук"
"Character/st_character_creation","default_equipment_rogue","Axe","Топор"
"Character/st_character_creation","default_equipment_naked","Dagger","Кинжал"
"Character/st_character_creation","default_equipment_mage","Mage","Маг"
"Character/st_character_creation","character_creation_appearance","Appearance","Внешний вид"
"Character/st_character_creation","character_creation_cam_upper","Upper Body","Верхнее тело"
"Character/st_character_creation","character_creation_cam_portrait","Portrait","Портрет"
"Character/st_character_creation","character_creation_cam_face","Face","Лицо"
"Character/st_character_creation","character_creation_cam_full","Full Body","Во весь рост"
"Character/st_character_customization","face_eyes","Eyes","Глаза"
"Character/st_character_customization","head_hair_beard_details","Hair & Beard Details","Детали волос и бороды"
"Character/st_character_creation","character_creation_appearance_code_pasted","Appearance pasted from Clipboard","Вид вставлен из буфера обмена"
"Character/st_character_creation","character_creation_appearance_paste_failed","Appearance Code Invalid","Недействительный код внешнего вида"
"Settings/st_settings_gameplay","EnableAutoEquip_Name","Enable Auto Equip","Автонадевание предметов"
"Settings/st_settings_gameplay","OverHeadVisibilitySection_Name","Show Over-Head Info","Информация над головой"
"Settings/st_settings_gameplay","FloatingCombatTextSection_Name","Floating Combat Text","Всплывающий текст в бою"
"Settings/st_settings_gameplay","LootPlateVisibilitySection_Name","Loot Plate Visibility","Выпадающие предметы"
"Settings/st_settings_gameplay","LootPlateInteractabilitySection_Name","Loot Plate Interactability","Взаимодействие с предметами"
"Settings/st_settings_gameplay","LootTooltipVisibilitySection_Name","Loot Tooltip Visibility","Окно выпадающих предметов"
"Items/st_item","damage_type_physical_pierce_armor","Pierce Armor","Колющая броня"
"Items/st_item","damage_type_physical_strike_armor","Strike Armor","Дробящая броня"
"st_attributes","attribute_basicattackdamage","Basic Attack Damage","Базовый урон атаки"
"st_teleport_locations","00_proti_village","Proti Village","Деревня Проти"
"st_level_area_names","00_proti_village","Proti Village","Деревня Проти"
"st_level_area_names","00_proti_island","Proti Island","Остров Проти"
"st_mechanics_explanations","Impairment_1Description","Impairments interact with what actions a creature can perform and how.\r\nThe application of any Impairments is resisted with <me_Resistance>Impairment Resistance</>.\r\nExamples for Impairments include <me_Silence>Silence</> and <me_Slow>Slow</>.","Недуги взаимодействуют с тем, какие действия существо может выполнять и как.\r\nПрименению любых ослаблений препятствует <me_Resistance>сопротивление недугам</>.\r\nПримеры недугов: <me_Silence>немота</>, <me_Slow>замедление</>, <me_Freeze>заморозка</> и <me_Stun>оглушение</>."
"st_mechanics_explanations","Damage_True_1Description","True Damage cannot be resisted by anything.\r\nIt does not apply any <me_Ailment>Ailments</>.\r\nIt is not increased by any <me_Attribute>Attributes</>.","Истинный урон не может быть ухудшен никакими сопротивлениями.\r\nОн не накладывает никаких <me_Ailment>хворей</> и не может повышаться никакими <me_Attribute>атрибутами</>."
"Creatures/st_creatures","ba_cutthroat","Cutthroat","Прорезатель глоток"
"Creatures/st_creatures","ba_leader","Chief","Атаман"
"Creatures/st_creatures","ba_ranger","Ranger","Следопыт"
"Items/st_item_faction_variantgreek","wp_bandit_bow_nameMain","Ranger Bow","Тугой лук"
"Creatures/st_creatures","ic_trooper","Trooper","Воин"
"Creatures/st_creatures","ic_undead_trooper","Undead Trooper","Мертвый воин"
"Creatures/st_creatures","ne_accusing_shadow","Accusing Shadow","Обвиняющая тень"
"Creatures/st_creatures","ne_stalking_shadow","Stalking Shadow","Преследующая тень"
"Creatures/st_creatures","bo_brawler","Brawler","Дебошир"
"Creatures/st_creatures","ic_lightning_crab","Lightning Crab","Грозокраб"
"st_rituals","ritual_category_flavour_fateremembered","<i>Invoking Ares, the god of battle and glory, allows for even greater martial challenges, as well as the chance to face old foes.</>","<i>Обращение к Аресу, богу битвы и славы, позволяет пройти еще более серьезные боевые испытания, а также встретиться со старыми врагами.</>"
"st_notifications","locked","Locked","Закрыто"
"st_notifications","unlocked","Unlocked","Открыто"
"Creatures/st_creatures_tribes","bandit_looters","Looters","Мародер"
"st_level_area_names","03_looters_perch","Looters\' Perch","Насест мародеров"
"Character/st_character_creation","character_creation_appearance_code","Appearance Code","Код внешности"
"st_level_area_names","01_southern_flooded_farmlands","Southern Flooded Farmlands","Южные угодья"
"st_level_area_names","01_western_flooded_farmlands","Western Flooded Farmlands","Западные угодья"
"st_level_area_names","01_eastern_flooded_farmlands","Eastern Flooded Farmlands","Восточные угодья"
"st_level_area_names","01_northern_flooded_farmlands","Northern Flooded Farmlands","Северные угодья"
"st_level_area_names","01_forlorn_garden","Forlorn Garden","Заброшенный сад"
"st_level_area_names","01_secluded_beach","Secluded Beach","Уединенный пляж"
"st_level_area_names","03_southern_outskirts_of_tegea","Southern Outskirts of Tegea","Южные окраины Тегеи"
"st_level_area_names","03_northern_outskirts_of_tegea","Northern Outskirts of Tegea","Северные окраины Тегеи"
"st_level_area_names","01_altar_of_benevolence","Altar of Benevolence","Алтарь милосердия"
"st_level_area_names","03_rebel_outpost","Rebel Outpost","Форпост повстанцев"
"st_level_area_names","03_servants_quarters","Servants\' Quarters","Помещения для прислуги"
"st_level_area_names","01_conduit_chamber","Conduit Chamber","Акведук"
"st_level_area_names","01_passage_of_atropos","Passage of Atropos","Проход Атропос"
"st_level_area_names","01_flooded_farmlands","Flooded Farmlands","Затопленные угодья"
"st_level_area_names","01_other_lion","Other Lion","Другой лев"
"st_level_area_names","01_the_great_dam","The Great Dam","Великая плотина"
"st_teleport_locations","01_prehub_bridge","The Great Dam","Великая плотина"
"st_teleport_locations","01_center","Central Farmlands","Центральные угодья"
"st_teleport_locations","01_east","Eastern Farmlands","Восточные угодья"
"st_teleport_locations","01_south_east","Southeastern Farmlands","Юго-восточные угодья"
"st_teleport_locations","01_south","Southern Farmlands","Южные угодья"
"st_teleport_locations","01_tavern_crossroads","Farmland Crossroads","Перекресток угодий"
"st_teleport_locations","01_ruined_tower_crossroads","Ruined Tower Crossroads","Перекресток башен"
"st_teleport_locations","03_outpost","Rebel Outpost","Форпост повстанцев"
"st_teleport_locations","03_tegea_outskirts","Northern Outskirts of Tegea","Северные окраины Тегеи"
"Items/st_item_quest","01_ff_s_gs_statue_piece_head_flavor","A sculpted stone likeness of the sea-god Glaukos... or, his head at least.","Скульптурное каменное изображение морского бога Главка... или, по крайней мере, его головы."
"Items/st_item_quest","01_ff_s_gs_statue_piece_tail_description","A broken tail piece of a larger statue that could be reassembled... if one had all the pieces.","Отломанная хвостовая часть большой статуи, которую можно было бы собрать... если бы у нее были все части."
"Items/st_item_quest","01_ff_s_gs_statue_piece_tail_flavor","A sculpted fish-like tail, broken off from a larger stone figure.","Скульптурный хвост, похожий на рыбий, отколотый от более крупной каменной фигуры."
"Items/st_item_quest","01_ff_s_gs_statue_piece_tail_name","Broken Statue Tail","Отломанный хвост статуи"
"Items/st_item_quest","01_ff_s_gy_incense_description","A tool given to you by Nephele to restore the overrun graveyard.","Инструмент, данный вам Нефелой для восстановления захваченного кладбища."
"Items/st_item_quest","01_ff_s_hh_headhunter_badge_description","The militia commander in Pyrgos will certainly want to see this.","Командир ополчения в Пиргосе наверняка захочет это увидеть."
"Items/st_item_quest","01_ff_s_mi_shiny_stone_name","Shiny Stone","Блестящий камень"
"Items/st_item_quest","02_nb_s_gd_lost_toy_flavor","The beloved toy of a child.","Любимая игрушка ребенка."
"Items/st_item_quest","03_ap_s_br_incense_flavor","",""
"Items/st_item_quest","03_ap_s_wg_wolfghost_skull_description","The skull of a wolf.","Череп волка."
"Items/st_item_quest","03_ap_m_ca_incense_magical_damage_name","",""
"Items/st_item_quest","03_ap_s_rs_resistance_emblem_description","",""
"Items/st_item_quest","03_ap_s_ww_leandros_key_description","",""
"Narrative/Questlog/st_quest_log_00_intro","da_quest_00_in_m_tu_griffin_hunt.m_HighVisionGoal","I should go to Mount Proti and defeat the gryphon","Я должен отправиться на гору Проти и победить грифона."
"Narrative/Questlog/st_quest_log_00_intro","da_quest_prepare_hunt.m_Summary","For years, I\'ve trained on Proti island with my mentor Aristonoe. Now, I must prepare to face my greatest challenge yet. A gryphon stalks Proti island and terrorizes the people with its band of cultists. Someone needs to stop it.","Долгие годы я тренировался на острове Проти вместе со своей наставницей Аристоноей. Теперь я должен подготовиться к самому сложному испытанию. Грифон преследует остров Проти и терроризирует людей при помощи своей шайки культистов. Кто-то должен остановить его."
"Narrative/Questlog/st_quest_log_01_flooded_farmlands","da_quest_01_ff_m_bs_rizons_recruitment.m_Summary","The elevator from Pyrgos to the farmlands below is off-limits to all but the militia due ichthian threat. If I\'m to search for Glaukos, I must join the militia.","Из-за ихтианской угрозы лифт Пиргоса закрыт для всех, кроме ополченцев. Мне нужно вступить в ополчение, если я хочу найти Главка."
"Narrative/Questlog/st_quest_log_01_flooded_farmlands","da_quest_01_ff_m_bs_rizons_recruitment.m_QuestInformation(0).m_QuestInformation.HighVisionGoal","Join the militia to access the flooded farmlands","Присоединитесь к ополчению, чтобы получить доступ к затопленным угодьям"
"Narrative/Questlog/st_quest_log_01_flooded_farmlands","da_quest_01_ff_m_bs_rizons_recruitment.m_QuestInformation(2).m_QuestInformation.Summary","The elevator from Pyrgos to the farmlands below is off-limits to all but the militia due ichthian threat. If I\'m to [continue my search], I must join the militia.","Из-за ихтианской угрозы лифт Пиргоса закрыт для всех, кроме ополченцев. Мне нужно вступить в ополчение, если я хочу [продолжить поиски]."
"Narrative/Questlog/st_quest_log_01_flooded_farmlands","da_quest_01_ff_m_ds_desecrated_shrine.m_CompletedSummary","The temple of Glaukos was in a terrible state. The ichthians unearthed Titan Ichor inside the temple\'s crypt and were trying to sacrifice the priestess of Glaukos to it. I absorbed the ichor and freed the priestess, but she was unable to call on Glaukos. It seems the god  truly has gone missing. I must find another way to reach the Moirai.","Храм Главка находился в ужасном состоянии. Ихтианы обнаружили в крипте храма Ихор титана и пытались принести ему в жертву жрицу Главка. Я поглотил ихор и освободил жрицу, но она не смогла призвать Главка. Похоже, бог действительно пропал. Я должен найти другой способ добраться до Мойр."
"Narrative/Questlog/st_quest_log_01_flooded_farmlands","da_quest_01_ff_m_moc_moirai_cave.m_Summary","Aristonoe told me that my only hope of surviving against Nemesis was to consult the Fates. It\'s time to meet them.","Аристоноя сказала мне, что единственная надежда выжить против Немезиды — обратиться к Судьбам. Пришло время встретиться с ними."
"Narrative/Questlog/st_quest_log_01_flooded_farmlands","da_quest_01_ff_m_vy_vineyard.m_CompletedSummary","The old man Philon was Glaukos in disguise this entire time! He has agreed to help me enter the Moirai Temple. Pan proved a trickster, who tried to trap and kill me, but I fought him off. I don\'t think I\'ve seen the last of him, though.","Старик Филон все это время был замаскированным Главком! Он согласился помочь мне войти в храм Мойр. Пан оказался хитрецом, который пытался заманить меня в ловушку и убить, но я отбился от него. Однако я не думаю, что видел его в последний раз."
"Narrative/Questlog/st_quest_log_01_flooded_farmlands","da_quest_01_ff_s_ct_crab_threat.m_Summary","The ichthians are breeding crabs in the flooded fields. The beasts are a menace, and will soon overwhelm the farmlands if I don\'t do something.","Ихтианы разводят крабов на затопленных полях. Эти твари представляют угрозу и скоро захлестнут фермы, если я ничего не предприму."
"Narrative/Questlog/st_quest_log_01_flooded_farmlands","da_quest_01_ff_s_ed_enclave_defense.m_Title","Defend the Enclave","Защита Анклава"
"Narrative/Questlog/st_quest_log_01_flooded_farmlands","da_quest_01_ff_s_ed_enclave_defense.m_Summary","The situation at the refugee enclave in the middle of the farmlands is precarious. Ichthians are attacking from the southern gates, and the militia is struggling to hold them off.","Ситуация в анклаве беженцев, расположенном посреди фермерских угодий, нестабильна. Ихтианы атакуют с южных ворот, и ополченцам с трудом удается их сдерживать."
"Narrative/Questlog/st_quest_log_01_flooded_farmlands","da_quest_01_ff_s_gs_statue_pieces.m_Summary","A statue of Glaukos was broken into pieces in the flooding. If I find all the pieces and reassemble them at the statue base, the locals would probably appreciate it.","Статуя Главка была разбита на куски во время наводнения. Если я найду все части и соберу их у основания статуи, местные жители наверняка будут мне благодарны."
"Narrative/Questlog/st_quest_log_01_flooded_farmlands","da_quest_01_ff_s_gs_statue_pieces.m_Objectives(1).m_Objectives.Description","Collect the tail","Найдите хвост"
"Narrative/Questlog/st_quest_log_01_flooded_farmlands","da_quest_01_ff_s_gs_statue_pieces.m_Objectives(5).m_Objectives.Description","Find where the statue base is","Найдите основание статуи"
"Narrative/Questlog/st_quest_log_01_flooded_farmlands","da_quest_01_ff_s_hh_headhunter.m_QuestInformation(0).m_QuestInformation.Summary","Four ichthian commanders are scattered around the flooded farmlands. Killing them will support the militia heavily.","Четыре ихтианских командира разбросаны по затопленным фермам. Их устранение окажет ополченцам серьезную поддержку."
"Narrative/Questlog/st_quest_log_01_flooded_farmlands","da_quest_01_ff_s_hs_hermes_shrine.m_Title","The Trickster\'s Shrine","Святилище трикстера"
"Narrative/Questlog/st_quest_log_01_flooded_farmlands","da_quest_01_ff_s_hs_hermes_shrine.m_Summary","I repaired an old shrine, which revealed the following text: \""You who desire the blessing of Hermes / God of travellers, messengers, cunning and trade / Bring here the beast from which Hermes crafted the first lyre / And sacrifice it before the altar, spilling its blood on this ground.\","Я отремонтировал старое святилище, на котором обнаружился следующий текст: «Вы, желающие благословения Гермеса / Бога путешественников, гонцов, хитрости и торговли / Принесите сюда зверя, из которого Гермес сделал первую лиру / И принесите его в жертву перед алтарем, пролив его кровь на эту землю»."
"Narrative/Questlog/st_quest_log_01_flooded_farmlands","da_quest_01_ff_s_pc_prisoner_cave.m_Objectives(1).m_Objectives.Description","Ensure the prisoners made it out safely","Убедитесь, что заключенные благополучно выбрались на свободу"
"Narrative/Questlog/st_quest_log_02_northern_beaches","da_quest_02_nb_m_mr_friendly_priest.m_Title","The Tortured Priest","Измученный жрец"
"Narrative/Questlog/st_quest_log_02_northern_beaches","da_quest_02_nb_m_mr_friendly_priest.m_HighVisionGoal","Absorb the Nemesis Energy within the Tortured Priest.","Поглотите энергию Немезиды в Замученном жреце"
"Narrative/Questlog/st_quest_log_02_northern_beaches","da_quest_02_nb_m_mr_friendly_priest.m_CompletedGoal","I absorbed the Nemesis Energy from within the Tortured Priest.","Я поглотил энергию Немезиды из тела замученного жреца."
"Narrative/Questlog/st_quest_log_02_northern_beaches","da_quest_02_nb_m_mr_friendly_priest.m_Summary","I encountered a Priest of Kronos, tortured by Nemesis\'s power in an ancient temple.","В древнем храме я встретил жреца Кроноса, которого мучила сила Немезиды."
"Narrative/Questlog/st_quest_log_02_northern_beaches","da_quest_02_nb_m_mr_friendly_priest.m_CompletedSummary","I freed a Priest of Kronos who was tortured by Nemesis\'s power, and he revealed that Nemesis seeks to raise Kronos.","Я освободил жреца Кроноса, которого мучила сила Немезиды, и он рассказал, что Немезида стремится воскресить Кроноса."
"Narrative/Questlog/st_quest_log_02_northern_beaches","da_quest_02_nb_m_mr_friendly_priest.m_Objectives(0).m_Objectives.Description","Speak to the Tortured Priest","Поговорите с замученным жрецом"
"Narrative/Questlog/st_quest_log_02_northern_beaches","da_quest_02_nb_m_mr_friendly_priest.m_Objectives(1).m_Objectives.Description","Convince the Tortured Priest to release his Nemesis Energy","Убедите замученного жреца выпустить энергию Немезиды"
"Narrative/Questlog/st_quest_log_02_northern_beaches","da_quest_02_nb_m_mr_friendly_priest.m_Objectives(2).m_Objectives.Description","Absorb the Nemesis Energy within the Tortured Priest","Поглотите энергию Немезиды в Замученном жреце"
"Narrative/Questlog/st_quest_log_02_northern_beaches","da_quest_02_nb_m_ds_digsite.m_Objectives(0).m_Objectives.Description","Reach the ichthian dig site","Достигните места ихтианских раскопок"
"Narrative/Questlog/st_quest_log_02_northern_beaches","da_quest_02_nb_m_mp_myterious_prophecy.m_CompletedGoal","I found Glaukos and he helped interpret the Moirai\'s prophecy","Я нашел Главка, и он помог мне истолковать пророчество Мойр."
"Narrative/Questlog/st_quest_log_02_northern_beaches","da_quest_02_nb_s_ae_arrogant_engineer.m_CompletedGoal","I helped Anaxis get safely to camp","Я помог Анаксию благополучно добраться до лагеря"
"Narrative/Questlog/st_quest_log_02_northern_beaches","da_quest_02_nb_s_ae_arrogant_engineer.m_CompletedSummary","I found Anaxis trapped in a haunted prison, but helped him escape and make it back to camp so he can build the shipwrecked crew a new ship.","Я нашел Анаксия в ловушке в тюрьме с привидениями, но помог ему сбежать и вернуться в лагерь, чтобы он смог построить для потерпевшей кораблекрушение команды новый корабль."
"Narrative/Questlog/st_quest_log_02_northern_beaches","da_quest_02_nb_s_ae_arrogant_engineer.m_QuestInformation(1).m_QuestInformation.Summary","I encountered a man named Anaxis in a haunted prison. He asked for my help to escape back to the surface.","В тюрьме с привидениями я встретил человека по имени Анаксий. Он попросил у меня помощи, чтобы сбежать обратно на поверхность."
"Narrative/Questlog/st_quest_log_02_northern_beaches","da_quest_02_nb_s_ch_crab_hunter.m_HighVisionGoal","Bring giant crab eggshells to Gorgo","Принесите гигантскую крабью скорлупу для Горго"
"Narrative/Questlog/st_quest_log_02_northern_beaches","da_quest_02_nb_s_ch_crab_hunter.m_Objectives(1).m_Objectives.Description","Bring the eggshells to Gorgo","Принесите скорлупу для Горго"
"Narrative/Questlog/st_quest_log_02_northern_beaches","da_quest_02_nb_s_mycenean_treasure_map.m_Objectives(4).m_Objectives.Description","Defeat the gilded dead","Победите позолоченных мертвецов"
"Narrative/Questlog/st_quest_log_02_northern_beaches","da_quest_02_nb_s_oi_old_ichthian.m_Summary","A blind ichthian named Eyes-of-Pearl wants to bargain with me.","Слепой ихтиан Жемчуглазик хочет со мной договориться."
"Narrative/Questlog/st_quest_log_02_northern_beaches","da_quest_02_nb_s_poor_sailors.m_Title","The Tainted Banquet","Испорченный банкет"
"Narrative/Questlog/st_quest_log_02_northern_beaches","da_quest_02_nb_s_poor_sailors.m_Summary","Three members of the shipwrecked crew have been lost amongst the eastern northern beaches. I should try to find them.","Три члена экипажа корабля, потерпевшего кораблекрушение, затерялись среди восточных северных пляжей. Я должен попытаться найти их."
"Narrative/Questlog/st_quest_log_02_northern_beaches","da_quest_02_nb_s_ss_siren_song.m_Summary","A musician named Sosicles asked me to help rescue a siren that has been captured, since he\'s hoping to learn its song.","Музыкант по имени Сосикл попросил меня помочь спасти пойманную сирену, так как он надеется выучить ее песню."
"Narrative/Questlog/st_quest_log_02_northern_beaches","da_quest_02_nb_s_ss_siren_song.m_CompletedSummary","I rescued the Siren and learned that her kind have been killed and captured by Nemesis. She shared a magical song, which blessed me.","Я спас сирену и узнал, что ее сородичи были убиты и захвачены Немезидой. Она исполнила волшебную песню, которая благословила меня."
"Narrative/Questlog/st_quest_log_02_northern_beaches","da_quest_02_nb_s_tb_twin_brothers.m_CompletedSummary","The treasure at the top of the mountain was a trap set by a human-hating gryphon, but I defeated it and ensured Callimachus and Dolon made it safely back to camp.","Сокровища на вершине горы оказались ловушкой, расставленной ненавидящим людей грифоном, но я победил его и обеспечил Каллимаху и Долону безопасное возвращение в лагерь."
"Narrative/Questlog/st_quest_log_02_northern_beaches","da_quest_02_nb_s_tb_twin_brothers.m_Objectives(2).m_Objectives.Description","Investigate the brothers","Разыщите братьев"
"Narrative/Questlog/st_quest_log_02_northern_beaches","da_quest_02_nb_s_tb_twin_brothers.m_Objectives(2).m_Objectives.Description","Investigate the brothers","Разыщите братьев"
"Masteries/st_mastery_forge_actives","Sentry_0Name","Sentry","Турель"
"Masteries/st_mastery_forge_actives","Chains_Mod_FreeChains_0Name","Free Chains","Свободные цепи"
"Masteries/st_mastery_forge_actives","Ironclad_Mod_ArmorStacking_0Name","Armor Stacking","Броня"
"Masteries/st_mastery_forge_actives","ForceField_Mod_ArmorUp_0Name","Armor Up","Поднять щиты"
"Masteries/st_mastery_forge_actives","Ironclad_Mod_PierceRetaliation_1Description","While active grants you <b>+{PierceRetaliation}|round()</> <me_PierceDam>Pierce</> <me_Retaliate>Retaliation</>\n<b>+{ScrapCostMod}</> <me_DivineCore>Divine Core</> Cost per second","Пока активно, дает <b>+{PierceRetaliation}|round()</> <me_PierceDam>колющего</> <me_Retaliate>отражения</>\n<b>+{ScrapCostMod}</> затрат <me_DivineCore>ядер богов</> в секунду"
